{
  "vision_pose": {
    "x": 240,
    "y": 0,
    "z": 145,
    "r": 0
  },
  "camera": {
    "resolution": [1280, 720]
  },
  "pixel_to_robot": {
    "H": [
      [-0.00526049702, -0.153717726, 359.191628],
      [-0.13842338,   0.00173985521, 114.264674],
      [0.000000000,   0.00000000000, 1.00000000]
    ]
  }
}
