{
    "P_HOME": [
        239.62899780273438,
        -10.24731159210205,
        66.25685119628906,
        -18.32961654663086
    ],
    "P1": [
        229.84475708007812,
        33.47041320800781,
        91.34449768066406,
        11.908241271972656
    ],
    "P2": [
        109.84475708007812,
        188.47041702270508,
        76.34449768066406,
        6.908241271972656
    ],
    "P4": [
        182.57814025878906,
        -104.2363510131836,
        49.90481948852539,
        -26.996326446533203
    ],
    "P5": [
        209.18882751464844,
        -20.976844787597656,
        49.96796417236328,
        -2.999999761581421
    ]
}