{"inference_id":"164f529c-f90d-436e-8b71-7a8965f9851c","time":0.0694517329975497,"image":{"width":640,"height":480},"predictions":[{"x":415.5,"y":117.5,"width":161.0,"height":161.0,"confidence":0.9652960300445557,"class":"Engranaje","class_id":2,"detection_id":"ceba52c3-4c6e-4a32-aa72-e59c1bc23e73"},{"x":250.5,"y":438.5,"width":187.0,"height":83.0,"confidence":0.6939965486526489,"class":"Esquina_Grande","class_id":3,"detection_id":"b2f449ac-b614-4ab8-b625-1f4031ef0bc8"},{"x":425.5,"y":442.0,"width":187.0,"height":76.0,"confidence":0.6341308951377869,"class":"Esquina_Grande","class_id":3,"detection_id":"f92546a7-f219-44e8-84b1-1d77b8a7aa89"}]}