{"inference_id":"4139d352-5680-4a8e-a93f-550c9525028a","time":0.21398687599867117,"image":{"width":640,"height":480},"predictions":[{"x":325.5,"y":433.0,"width":83.0,"height":50.0,"confidence":0.8740533590316772,"class":"vacio","class_id":3,"detection_id":"c575008c-92b2-490a-86f1-1e98616afd5a"},{"x":565.0,"y":467.5,"width":152.0,"height":25.0,"confidence":0.8103524446487427,"class":"amarillo","class_id":0,"detection_id":"f87b95c0-39f1-41ef-b245-dc342f436217"},{"x":438.5,"y":449.0,"width":115.0,"height":62.0,"confidence":0.5365232825279236,"class":"verde","class_id":4,"detection_id":"2ddf40cd-2de4-4fdf-8299-bbe078e81303"},{"x":413.5,"y":118.5,"width":61.0,"height":45.0,"confidence":0.40401774644851685,"class":"azul","class_id":1,"detection_id":"5818b21f-7d24-4021-9edf-ca4c9079192a"}]}