{"inference_id":"bf4232ff-4be6-4e96-9073-157cdf072eb1","time":0.03729578107595444,"image":{"width":640,"height":480},"predictions":[{"x":415.5,"y":117.0,"width":161.0,"height":160.0,"confidence":0.9647215604782104,"class":"Engranaje","class_id":2,"detection_id":"680ad532-30a2-454e-9d80-a20a4ac9b60e"},{"x":250.5,"y":438.5,"width":187.0,"height":83.0,"confidence":0.7043631672859192,"class":"Esquina_Grande","class_id":3,"detection_id":"3b358c17-47b8-4676-bd87-e25de8864459"},{"x":426.0,"y":441.5,"width":186.0,"height":77.0,"confidence":0.6116976141929626,"class":"Esquina_Grande","class_id":3,"detection_id":"8a4d01de-c428-4e3f-9be3-ca819241c68e"}]}