{"inference_id":"a60bbd35-99ec-41b9-88a8-a39a44946681","time":0.26985381497070193,"image":{"width":640,"height":480},"predictions":[{"x":217.0,"y":441.0,"width":156.0,"height":78.0,"confidence":0.7310319542884827,"class":"verde","class_id":4,"detection_id":"50de4ed1-424f-442a-9518-ce73ea5e5f80"}]}